   [
    {
      "fullName": "Sara Ahmadi",
      "gender": "female",
      "company": "Iran Khodro Co." ,
      "salary": 20000000 ,
      "email": "sara@yahoo.com"
    },
    {
      "fullName": "Iman Jalilvand",
      "gender": "male",
      "company": "Bank Melli Iran" ,
      "salary": 36000000 ,
      "email": "iman@gmail.com"
    },
    {
      "fullName": "Zahra Moradi",
      "gender": "female",
      "company": "SAPCO" ,
      "salary": 15000000 ,
      "email": "zahra@yahoo.com"
    },
    {
      "fullName": "Maryam Majd",
      "gender": "female",
      "company": "MAPNA" ,
      "salary": 25000000 ,
      "email": "mary@yahoo.com"
    },
    {
      "fullName": "Ahmad Davari",
      "gender": "male",
      "company": "Bank Melli Iran" ,
      "salary": 20000000 ,
      "email": "ahmad@gmail.com"
    },
    {
      "fullName": "Reza Babavand",
      "gender": "male",
      "company": "SAPCO" ,
      "salary": 35000000 ,
      "email": "reza@yahoo.com"
    },
    {
      "fullName": "Bahar Bahrami",
      "gender": "female",
      "company": "SAPCO" ,
      "salary": 18000000 ,
      "email": "bahar@yahoo.com"
    },
    {
      "fullName": "Mina Youran",
      "gender": "female",
      "company": "SAPCO" ,
      "salary": 20000000 ,
      "email": "mina@yahoo.com"
    },
    {
      "fullName": "Alireza Akbari",
      "gender": "male",
      "company": "MAPNA" ,
      "salary": 20000000 ,
      "email": "ali@yahoo.com"
    },
    {
      "fullName": "Sadegh Imani",
      "gender": "male",
      "company": "MAPNA" ,
      "salary": 22000000 ,
      "email": "sadegh@yahoo.com"
    },
    {
      "fullName": "Sina Pourmohammadi",
      "gender": "male",
      "company": "MAPNA" ,
      "salary": 25000000 ,
      "email": "sina@yahoo.com"
    },
    {
      "fullName": "Fatemeh Motahari",
      "gender": "female",
      "company": "Iran Khodro Co." ,
      "salary": 30000000 ,
      "email": "fatemeh@gmail.com"
    },
    {
      "fullName": "Ali Mohammadi",
      "gender": "male",
      "company": "Iran Khodro Co." ,
      "salary": 19000000 ,
      "email": "ali_m@gmail.com"
    },
    {
      "fullName": "Sajad Karamiyan",
      "gender": "male",
      "company": "Iran Khodro Co." ,
      "salary": 20000000 ,
      "email": "sajad@gmail.com"
    },
    {
      "fullName": "Bahar Farhadi",
      "gender": "female",
      "company": "Iran Khodro Co." ,
      "salary": 30000000 ,
      "email": "bahar_f@yahoo.com"
    },
    {
      "fullName": "Milad Asgari",
      "gender": "male",
      "company": "SAPCO" ,
      "salary": 40000000 ,
      "email": "milad@yahoo.com"
    },
    {
      "fullName": "Hiva Petrosiyan",
      "gender": "female",
      "company": "SAPCO" ,
      "salary": 22000000 ,
      "email": "hiva@yahoo.com"
    },
    {
      "fullName": "Mehdi Alameh",
      "gender": "male",
      "company": "Bank Melli Iran" ,
      "salary": 18000000 ,
      "email": "mehdi@yahoo.com"
    },
    {
      "fullName": "Hasan Montazerghaem",
      "gender": "male",
      "company": "Bank Melli Iran" ,
      "salary": 15000000 ,
      "email": "hasan@yahoo.com"
    },
    {
      "fullName": "Amin Shahbazi",
      "gender": "male",
      "company": "Bank Melli Iran" ,
      "salary": 19000000 ,
      "email": "amin_sh@yahoo.com"
    }
              ]
                  