[
    {
        "foodCode": 101,
        "foodName": "Khoresht GhormeSabzi",
        "foodPrice": 1500000,
        "food_Materials": [
            "Redmeat",
            "Redbeans",
            "Vegetable",
            "Lemon"
        ]
    },
    {
        "foodCode": 102,
        "foodName": "Khoresht Karafs",
        "foodPrice": 1400000,
        "food_Materials": [
            "RedMeat",
            "Celery",
            "Vegetable",
            "Lemon"
        ]
    },
    {
        "foodCode": 103,
        "foodName": "Khoresht Gheyme",
        "foodPrice": 1300000,
        "food_Materials": [
            "RedMeat",
            "Cotyledon",
            "Potato",
            "Lemon"
        ]
    },
    {
        "foodCode": 104,
        "foodName": "Zeresk Polo",
        "foodPrice": 2400000,
        "food_Materials": [
            "Rice",
            "Chicken",
            "Barberry"
        ]
    },
    {
        "foodCode": 105,
        "foodName": "Sabzi Polo",
        "foodPrice": 2800000,
        "food_Materials": [
            "Rice",
            "Fish",
            "Vegetable"
        ]
    },
    {
        "foodCode": 106,
        "foodName": "Joje Kabab",
        "foodPrice": 3000000,
        "food_Materials": [
            "Rice",
            "Chiken",
            "Tomato"
        ]
    },
    {
        "foodCode": 107,
        "foodName": "Barg Kabab",
        "foodPrice": 5800000,
        "food_Materials": [
            "Rice",
            "Redmeat",
            "Tomato"
        ]
    },
    {
        "foodCode": 108,
        "foodName": "Lobiya Polo",
        "foodPrice": 2000000,
        "food_Materials": [
            "Rice",
            "RedMeat",
            "Greenbeans"
        ]
    },
    {
        "foodCode": 109,
        "foodName": "Pizza",
        "foodPrice": 1800000,
        "food_Materials": [
            "Mushroom",
            "Chickenham",
            "Olive",
            "Cheese"
        ]
    },
    {
        "foodCode": 110,
        "foodName": "Salad Sezar",
        "foodPrice": 2450000,
        "food_Materials": [
            "Chicken",
            "Toastbread",
            "Vegetable",
            "ParmesanCheese"
        ]
    }
]