[
    {
        "Product_Name": "تلویزیون ال ای دی هوشمند دوو 50 اینچ مدل DSL-50SU1700",
        "Product_Price": "16,400,000 تومان"
    },
    {
        "Product_Name": "تلویزیون ال ای دی هوشمند ایکس ویژن 43 اینچ مدل 43XT795",
        "Product_Price": "10,580,000 تومان"
    },
    {
        "Product_Name": "تلویزیون ال ای دی اسنوا 43 اینچ مدل SLD-43NY300D",
        "Product_Price": "10,500,000 تومان"
    },
    {
        "Product_Name": "تلویزیون ال ای دی هوشمند ایکس ویژن 50 اینچ مدل 50XCU735",
        "Product_Price": "15,900,000 تومان"
    },
    {
        "Product_Name": "تلویزیون ال ای دی هوشمند اسنوا 55 اینچ مدل SSD-55SK610UD",
        "Product_Price": "19,500,000 تومان"
    },
    {
        "Product_Name": "تلویزیون ال ای دی هوشمند اسنوا 43 اینچ مدل SSD-43SK14100M",
        "Product_Price": "12,400,000 تومان"
    },
    {
        "Product_Name": "تلویزیون ال ای دی هوشمند ایکس ویژن 43 اینچ مدل 43XC745",
        "Product_Price": "11,130,000 تومان"
    },
    {
        "Product_Name": "تلویزیون ال ای دی هوشمند بویمن 55 اینچ مدل 55JAEX6100UWS",
        "Product_Price": "21,350,000 تومان"
    },
    {
        "Product_Name": "تلویزیون ال ای دی بویمن 43 اینچ مدل 43JB7100SD",
        "Product_Price": "11,050,000 تومان"
    },
    {
        "Product_Name": "تلویزیون ال ای دی هوشمند ایکس ویژن 43 اینچ مدل 43XT785",
        "Product_Price": "10,600,000 تومان"
    },
    {
        "Product_Name": "تلویزیون ال ای دی هوشمند اسنوا 50 اینچ مدل SSD-50SK600UD",
        "Product_Price": "14,900,000 تومان"
    },
    {
        "Product_Name": "تلویزیون ال ای دی هوشمند دوو 55 اینچ مدل DSL-55SU1710",
        "Product_Price": "21,400,000 تومان"
    }
]